Company - Customer Target Areas if regional,Website,Sales Contact,City,State/Country
LunaJets SA (LJ),www.lunajets.com,"lunajets@lunajets.com

esegard@lunajets.com",Geneva Switzerland,
Fly Aeolus (FA),www.flyaeolus.com,info@flyaeolus.com,Antwerp,Belgium
Silver Air Private Jets (SA),www.SilverAir.com,FlightClub@SilverAir.com,Santa Barbara,California
Quantum Jets (QJ),QUANTUMJETS.COM,charter@quantumjets.com,Long Beach,California
Amalfi Jets LLC (AM),www.amalfijets.com,charter@amalfijets.com,Los Angeles,California
Solairus Aviation (SO) - Not accepting new customers,www.solairus.aero,charter@solairus.aero,Petaluma,California
"Clay Lacy Aviation (CL) - For customers based in Los Angeles, Seattle, and Northeastern U.S.",www.claylacy.com,rking@claylacy.com,Van Nuys,California
Silver Air Private Jets (SA) - On hold for members,www.SilverAir.com,FlightClub@SilverAir.com,Santa Barbara,California
Dreamline Aviation (DA) - Los Angeles and San Francisco Bay area airports,www.dreamlineaviation.com,charter@dljets.com,Van Nuys,California
Jettly Inc. (JL),https://jettly.com/jet_card_program,departures@jettly.com,Toronto,Canada
StraightLine Private Air (SPA),www.flystraightline.com,Evan Kluding - VP of Sales (evan@flystraightline.com),Denver,Colorado
International Jet Aviation Services (IJ) - Denver Area,www.internationaljet.com,adam@internationaljet.com,Centennial,Colorado
ONEflight International (BAJ),www.oneflight.net,info@oneflight.net,Englewood,Colorado
Tradewind Aviation (TA) - 300 nautical miles from Westchester County Airport (HPN) and 300 nautical miles from San Juan (SJU),www.flytradewind.com,charter@flytradewind.com,Oxford,Connecticut
Dumont Group (DG),www.DumontGroup.com,sales@dumontaviation.com,Wilmington,DE (ILG)
"Dumont Group (DG) - Suspended light, mid, and super mid - only selling Falcon 2000 and Heavy jet cards",www.DumontGroup.com,sales@dumontaviation.com,Wilmington,DE (ILG)
Jetlogic Ltd (JLL) - program suspended,www.jet-logic.com,jlcharter@jet-logic.com,Edinburgh,"EH3 6QH, Scotland"
Air Charter Service - Europe (ACSE) - Fixed rates suspended,http://www.aircharterservice.com/,Timothy Rees +442083391002 tim.rees@aircharter.co.uk,Surbiton,England
Air Charter Service - Europe (ACSE),http://www.aircharterservice.com/,Timothy Rees +442083391002 tim.rees@aircharter.co.uk,Surbiton,England
Air Charter Service (ACS),http://www.aircharterservice.com/,robert.alper@aircharterservice.com,Surbiton,England
365 Aviation (365),https://www.365aviation.com/, charter@365aviation.com,London,England
PrivateFly (PF),www.privatefly.com,jetcard@privatefly.com,St. Albans,England
Prive Jets (PJ),www.privejets.com,info@privejets.com,Hallandale,Florida
Stratos Jet Charters (ST),https://www.stratosjets.com/,1.888.478.7286,Orlando,Florida
ExpertJet Charter (EC) - Not accepting new customers,www.flyexpertjet.com,Charter@flyexpertjet.com,Ft. Lauderdale,Florida
"Elite Jets Charters, LLC (EJ) - targeting Naples, Florida area - Not accepting new customers",elitejets.com,Karen Gray (kareng@elitejets.com) and Gustavo Botura (gustavob@elitejets.com); 239-900-9000,Naples,Florida
Alliance Aviation (AA),www.FlyAlliance.us,Chris.Tasca@FlyAlliance.us,Orlando,Florida
ExpertJet Charter (EC),www.flyexpertjet.com,Charter@flyexpertjet.com,Ft. Lauderdale,Florida
XO Europe/Middle East (XOE),flyxo.com,LList@FlyXO.com.,Ft. Lauderdale,Florida
Vault Aviation (VA) - Accepting new members on a case-by-case basis,www.vaultjet.com,paul@vaultjet.com,Miami,Florida
Unity Jets (UJ),www.unityjets.com,kevin@unityjets.com,Miami,Florida
XO (XO),flyxo.com,LList@FlyXO.com.,Ft. Lauderdale,Florida
"Airstream Jets, Inc. (AJ)",http://airstreamjets.com/,charter@airstreamjets.com,Boca Raton,Florida
Charter Flight Group (CFG),https://charterflightgroup.com/,membership@flycfg.com,Boca Raton,Florida
Rennia Aviation (RA) - Program on hold,https://www.renniaaviation.com/,https://www.renniaaviation.com/contact-us,Gainesville,Florida
Velocity Jets (VJ),www.velocityjets.com,info@velocityjets.com,Ft. Lauderdale,Florida
VistaJet - Europe (VIE),www.vistajet.com,"Leona Qi
President, VistaJet US / Asia

Email: leona.qi@vistajet.com",Miami,Florida
VeriJet (VER),verijet.com,Jason.bercan@verijet.com,Miami,Florida
Premier Private Jets (PPJ),https://premierprivatejets.com/,Brandon Cardona (908) 655-1881 or sales@premierprivatejets.com,Stuart,Florida
Able American Jets (AB),www.ableamericanjets.com,info@ableamericanjets.com,Vero Beach,Florida
Volato (VO),flyvolato.com,sales@flyvolato.com,Atlanta,Georgia
"Priester Aviation (PA) - Atlanta, Chicago, Cincinnati, Dallas, Denver, Los Angeles, Minneapolis, New York, St. Louis, South Florida",www.priesterav.com,tedp@priesterav.com,Wheeling,Illinois
Exec 1 Aviation (EA),www.exec1aviation.com,"John Pugh - jpugh@exec1aviation.com
charter@exec1aviation.com",Ankeny,Iowa
"Airshare (AS) - Within 120 nm of Houston, San Antonio, Austin, Fort Worth, Dallas, TX; Oklahoma City, Tulsa, OK; Kansas City, Wichita, KS; Denver, CO; St. Louis, MO; Chicago, IL; Indianapolis, IN, and Buffalo, NY. This includes Cincinnati, OH, Louisville, KY, and Milwaukee, WI, and Toronto, Canada",www.flyairshare.com,ppedicino@flyairshare.com,Lenexa,Kansas
GlobeAir (GA),www.globeair.com,jonathan.berdoz@globeair.com,Hörsching,Linz (Austria)
Outlier Jets LLC (OJ),www.outlierjets.com,intelligence@outlierjets.com,Boston,"MA, Manhattan Beach, CA, Naples, FL"
VistaJet - Europe (VIE),www.vistajet.com,"Leona Qi
President, VistaJet US / Asia

Email: leona.qi@vistajet.com",Luqa,Malta
VistaJet (VI),www.vistajet.com,"Leona Qi
President, VistaJet US / Asia

Email: leona.qi@vistajet.com",Luqa,Malta
"GrandView Aviation (GV) - Operates from bases in Atlanta, GA, Austin, TX, Baltimore, MD, Boston, MA, Chicago, IL, Denver, CO, Los Angeles, CA, Reno, NV, Scottsdale, AZ, Teterboro, NJ - See tab for flat rate route pricing between 70 city pairs",www.flygv.com,info@flygv.com,Baltimore,Maryland
AeroVanti (AV),https://www.aerovanti.com/,https://www.aerovanti.com/membership/,Annapolis,Maryland
Sentient Jet (SJ),www.sentient.com,info@sentient.com,Boston,Massachusetts
Ajax Jets (AE) - On hiatus - currently selling fractional shares on Falcon 50s only,www.ajaxjets.com,https://ajaxjets.com/request-ajax-access-membership/,Norwell,Massachusetts
Magellan Jets (MJ),www.magellanjets.com,JohnA@magellanjets.com,Quincy,Massachusetts
"Northern Jet Management (NM) - Florida, Illinois, Indiana, Michigan, Ohio, Wisconsin - No repositioning fees within 180 miles of Naples, FL (APF), Grand Rapids, MI (GRR), and Chicago, IL (PWK)",www.northernjet.net,ccox@northernjet.net,Grand Rapids,Michigan
Nicholas Air (NA),www.Nicholasair.com,sales@nicholasair.com,Columbus,Mississippi
"Silverhawk Aviation, Inc. (SH) - within 200 miles of Lincoln, NE - On Waitlist",https://silverhawkaviation.com/jet-card/,cbirnley@silverhawkaviation.com,Lincoln,Nebraska
Jet Linx (JL) - Customers flying from ADS; AFW; APA; ATL; AUS; BCT; BED; BNA; BOS; DAL; DFW; DPA; DTO; DTW; DVT; DWH; EDC; EFD; FFZ; FRG; FTW; FTY; FWS; HEF; HOU; HPN; IAD; IAH; IND; JYO; MDW; MIA; MMU; MQY; MSP; OMA; ORD; PBI; PDK; PHX; PTK; PWK; RVS; RYY; SAT; SDL; SGR; STL; STP; SUS; TEB; TKI; TMB; TME; TUL; TYQ; UGN; and YIP.,www.jetlinx.com,alec.lefort@jetlinx.com,Omaha,Nebraska
Jet Token (JT),www.lookbookandfly.com / www.jettoken.com,info@jettoken.com,Las Vegas,Nevada
Thrive Aviation (TH),https://www.flythrive.com/,Scott.Musselwhite@flythrive.com,Las Vegas,Nevada
Camber (SC),simplecharters.com,https://www.simplecharters.com/about/contact,Portsmouth,New Hampshire
Private Jet Services (PJS),www.pjsgroup.com,andrew.vanderploeg@pjsgroup.com,Seabrook,New Hampshire
"Jet Aviation Flight Services, Inc. (PT) - Fixed Rate Program On Hold",www.jetaviation.com,"Victoria Reina Duffy, Director of Charter Sales - Victoria.Reina-Duffy@jetaviation.com",US- Teterboro,New Jersey
JetTheWorld.com (JTW),www.JetTheWorld.com,Sales@JetTheWorld.com,North Bergen,New Jersey
"Jet Aviation Flight Services, Inc. (PT)",www.jetaviation.com,"Victoria Reina Duffy, Director of Charter Sales - Victoria.Reina-Duffy@jetaviation.com",US- Teterboro,New Jersey
Wheels Up (WU),Wheelsup.com,info@wheelsup.com,New York,New York
FXAIR (FX),www.fxair.com,Robert.Shaplen@fxair.com,New York,New York
JetSet Group (JSG),jetsetgrp.com,Steven Orfali,New York,New York
Hopscotch Air (HA),flyhopscotch.com,membership@flyhopscotch.com,Farmingdale,New York
Luxury Aircraft Solutions (LAS) - Accepting new customers in JetMembership.com wholesale dynamic pricing; Aviate on hiatus for new members,www.LuxuryAircraftSolutions.com,Charter@Luxury.Aero,Long Island MacArtuhr Airport,New York
Concord Private Jet (CP),www.cpjet.com,NAIJET@aol.com,Garden City,New York
Concord Private Jet (CP) - On hold,www.cpjet.com,NAIJET@aol.com,Garden City,New York
JETS.COM (JET),WWW.JETS.COM,"EDGAR@JETS.COM
MANNI@JETS.COM
DKLINGER@JETS.COM",New York,New York
Star Jets International LLC (SJI),www.starjetsintl.com,rs@starjetsintl.com,New York,New York
FlyExclusive (FE),https://www.flyexclusive.com/,bblettner@flyexclusive.com,Kinston,North Carolina
NetJets Europe (NJE),https://www.netjets.com/en-gb/programs?go=private-jet-card,https://www.netjets.com/en-gb/?go=contact,Columbus,"OH, Lisbon, Portugal"
Flexjet Europe (FJE) - Program suspended,www.flexjet.com/uk,Visit https://www.flexjet.com/uk/request-information/,Cleveland,"OH, with European Experience Centre, Mayfair, London, UK"
Executive Jet Management (EJM) - Program on Waitlist,executivejetmanagement.com,https://www.executivejetmanagement.com/contact-us/,Cincinnati,Ohio
Flexjet (FJ) - Waitlist for new customers,www.flexjet.com,Visit http://www.flexjet.com/request-information/,Cleveland,Ohio
NetJets (NJ),https://www.netjets.com/en-us/marquis-jet-card-program,info@netjets.com,Columbus,Ohio
Qatar Executive (QR),https://www.qatarexec.com.qa/en/Services/DiamondAgreement,request@qatarexec.com.qa,Doha,Qatar
ElitAvia (EV),elitavia.com,sales@elitavia.com,Ljubljana,Slovenia
Vault Aviation (VA) - Accepting new members on a case-by-case basis,www.vaultjet.com,paul@vaultjet.com,Dallas,Texas
"Dominion Charter, Ltd. (DC)",www.dominioncharterltd.com,bd@dominioncharterltd.com,Houston,Texas
Leviate Air Group (LAG),https://www.leviateair.com/,https://www.leviateair.com/contact/,Dallas,Texas
Western Aviation (WA),sales@westernaviation.com,sales@westernaviation.com,Sugar Land,Texas
Starflight Aviation Europe (SFAE) - Suspended Jet Card Sales,www.flystarflight.com,sales@flystarflight.com,Farnborough Airport,"UK
Teterboro Airport, US"
Starflight Aviation US (SFA) - Suspended Jet Card Sales,www.flystarflight.com,sales@flystarflight.com,Farnborough Airport,"UK
Teterboro Airport, US"
Air Partner (AP),www.airpartner.com,apjetcard@airpartner.com,Corporate: Gatwick,"UK US: Fort Lauderdale, FL"
Air Partner - Europe (APE),www.airpartner.com,hello@airpartner.com,Corporate: Gatwick,"UK US: Fort Lauderdale, FL"
Air Partner (AP),jetcard.airpartner.com,transatlantic@airpartner.com,Corporate: Gatwick,"UK US: Fort Lauderdale, FL"
Paramount Business Jets (PBJ),www.paramountbusinessjets.com,charter@paramountbusinessjets.com,Leesburg,Virginia