Name,Age Range,Occupation,Interests,Preferred Social Platforms,Content Preferences,Pain Points,Goals,Content Ideas (3 Ideas)
Corporate Carla,35-45,CEO,"Leadership, Innovation","LinkedIn, Twitter",Thought Leadership,"Brand Visibility, Time Constraints",Expand Business Reach,"CEO Podcast on Leadership, Weekly Industry Insights, Time-Management Tips Podcast"
Entrepreneur Eric,28-35,Startup Founder,"Technology, Networking","Twitter, Instagram",Startup Journeys,"Funding, Scalability",Grow Startup,"Podcasts on Funding Strategies, Startup Success Stories, Tech Trend Analysis Podcasts"
Creative Chris,22-30,Content Creator,"Filming, Podcasting","Instagram, YouTube",Creative Techniques,"Quality Equipment, Audience Growth",Enhance Skills,"Podcasting Equipment Tutorials, Audience Building Strategies, Collaboration Opportunities in Podcasting"
HR Hannah,30-40,HR Manager,"Employee Engagement, Training","LinkedIn, Facebook",Internal Communication,"Employee Retention, Training Quality",Improve Employee Relations,"Employee Engagement Podcasts, Training & Development Series, Podcasts on Company Culture"
Podcaster Paul,26-34,Podcaster,"Podcasting, Interviews","Twitter, LinkedIn",Podcasting Techniques,"Audience Engagement, Content Ideas",Grow Podcast,"Podcast Guest Interview Techniques, Engagement Booster Tips, Content Ideation Podcasts"
Teacher Tina,32-42,Educator,"Education, Student Growth","Facebook, LinkedIn",Educational Content,"Online Education, Student Engagement",Enhance Teaching,"Podcasts on Lesson Planning, Student Engagement Strategies, Online Education Tips"
Musician Mike,25-35,Musician,"Music, Collaboration","Instagram, YouTube",Music Production,"Equipment, Collaboration Opportunities",Grow Fan Base,"Music Production Podcasts, Collaboration Opportunities in Music, Live Performance Tips Podcast"
Global Gary,40-50,Global Manager,"Global Markets, Networking","LinkedIn, Twitter",Global Trends,"Market Insights, Cultural Differences",Expand Global Reach,"Global Market Analysis Podcasts, Cultural Insights Series, Global Business Strategies Podcasts"
Techy Tara,23-33,Tech Enthusiast,"Tech Gadgets, Reviews","YouTube, Instagram",Tech Reviews,"Latest Gadgets, Tech Trends",Stay Updated,"Tech Gadgets Review Podcasts, Tech Trends Analysis, Latest Gadgets Unveiling Podcasts"
Social Sarah,21-29,Social Media Influencer,"Fashion, Travel","Instagram, TikTok",Lifestyle Content,"Content Ideas, Engagement",Grow Followers,"Fashion Tips & Trends Podcasts, Travel Experience Series, Daily Routine & Engagement Podcasts"
